id,level,true_difficulty,text,f_sent_var,f_long_word,f_mean_sent,f_inv_ttr,f_ctx_dep,lltm_difficulty,lltm_calibrated
elem_water,elementary,-2.0,"Water is made of tiny pieces called molecules. Each molecule has two hydrogen atoms and one oxygen atom. That is why we call it H2O. Water can be a liquid, a solid like ice, or a gas like steam. When you heat water, it turns into steam. When you cool it, it turns into ice.",0.2552,0.0182,0.4583,0.2182,0.0727,0.956,-1.1262
elem_plants,elementary,-1.5,"Plants need sunlight, water, and air to grow. Their leaves catch sunlight and use it to make food. This is called photosynthesis. The roots drink water from the soil. Plants also take in a gas called carbon dioxide from the air and give out oxygen, which people and animals need to breathe.",0.6337,0.0385,0.52,0.2308,0.1346,1.6107,2.3445
elem_gravity,elementary,-1.8,"Gravity is a force that pulls things toward each other. On Earth, gravity pulls people, balls, rain, and toys down toward the ground. When you jump, gravity pulls you back down. The Moon has gravity too, but it is weaker than Earth's gravity, so astronauts can jump higher there.",0.3075,0.0204,0.6125,0.1837,0.0816,1.09,-0.4159
elem_habitats,elementary,-1.3,"Animals live in places called habitats. A pond is a habitat for frogs and fish, while a forest is a habitat for birds, deer, and insects. A good habitat gives animals food, water, shelter, and space. If a habitat changes too much, some animals may need to move or may not survive.",0.4142,0.0192,0.65,0.2885,0.0,1.3729,1.0839
middle_cells,middle_school,-0.5,"All living things are made of cells. Some organisms like bacteria have just one cell, while humans have trillions. Each cell has a membrane that controls what goes in and out. Inside, the nucleus contains DNA, which carries genetic instructions. Mitochondria are organelles that produce energy by breaking down glucose through cellular respiration.",0.2118,0.1132,0.53,0.0566,0.0755,0.8168,-1.8641
middle_evolution,middle_school,-0.3,"Natural selection is the process by which organisms with traits better suited to their environment tend to survive and reproduce more than others. Over many generations, this leads to changes in the characteristics of a population. Charles Darwin proposed this mechanism after observing finches on the Galapagos Islands, where different beak shapes had evolved to exploit different food sources.",0.2397,0.2034,0.9833,0.1186,0.1186,1.2901,0.6449
middle_tectonics,middle_school,-0.1,"Earth's outer shell is broken into large plates that move slowly over the softer mantle below. This movement is called plate tectonics. When plates collide, mountains can form. When they pull apart, magma can rise and create new crust. Earthquakes often happen where plates slide past each other along faults.",0.3742,0.06,0.5,0.1,0.08,1.0533,-0.6104
middle_periodic,middle_school,0.1,"The periodic table organizes chemical elements by their atomic number, which is the number of protons in the nucleus. Elements in the same column often have similar properties because they have the same number of valence electrons. Metals appear mostly on the left, nonmetals on the right, and noble gases are stable elements in the last column.",0.043,0.0702,0.95,0.2807,0.193,1.0854,-0.4402
high_thermo,high_school,0.5,"The second law of thermodynamics states that the total entropy of an isolated system can only increase over time. Entropy measures the number of microscopic configurations consistent with a macroscopic state. In any spontaneous process, the universe moves toward greater disorder. This principle explains why heat flows from hot to cold objects and why perpetual motion machines are impossible.",0.2598,0.1695,0.7375,0.1186,0.1017,1.1406,-0.1476
high_electro,high_school,0.8,"Maxwell's equations unify electricity and magnetism into a single framework. A changing magnetic field induces an electric field, and a changing electric field induces a magnetic field. Together, these coupled fields propagate through space as electromagnetic waves traveling at the speed of light. This theoretical prediction, confirmed experimentally by Hertz, showed that light itself is an electromagnetic phenomenon.",0.1857,0.2586,0.725,0.1897,0.069,1.1688,0.0019
high_organic,high_school,1.0,"Organic chemistry studies carbon-based molecules. Carbon can form four covalent bonds, creating chains, rings, and branched structures. Functional groups like hydroxyl, carboxyl, and amino groups determine a molecule's chemical behavior. These properties make carbon the backbone of all known life, from simple sugars to complex proteins and DNA.",0.3864,0.2292,0.6,0.0833,0.0417,1.2354,0.3549
high_relativity,high_school,1.2,Special relativity shows that the speed of light is the same for all observers regardless of their motion. This leads to time dilation: a moving clock ticks slower than a stationary one. It also implies mass-energy equivalence through E equals mc squared. These effects are negligible at everyday speeds but become significant near the speed of light.,0.2008,0.1579,0.7125,0.1053,0.1404,1.0235,-0.7684
undergrad_qm,undergraduate,1.5,"In quantum mechanics, the state of a system is described by a wave function that evolves according to the Schrodinger equation. The Born rule interprets the squared modulus of the wave function as a probability density. Measurement collapses the wave function into an eigenstate of the observed operator, yielding a definite outcome with probability determined by the projection of the state onto that eigenstate.",0.249,0.2344,1.0667,0.3438,0.1719,1.6652,2.6334
undergrad_stat,undergraduate,1.8,"The central limit theorem states that the sampling distribution of the sample mean approaches a normal distribution as sample size increases, regardless of the population distribution, provided the variance is finite. This result underpins confidence intervals and hypothesis testing in frequentist statistics. The rate of convergence depends on the skewness and kurtosis of the underlying distribution, with the Berry-Esseen theorem providing explicit bounds.",0.3888,0.2857,1.05,0.254,0.1746,1.7989,3.3422
undergrad_gr,undergraduate,2.0,General relativity describes gravity as the curvature of spacetime caused by mass and energy. The Einstein field equations relate the metric tensor to the stress-energy tensor through a system of ten coupled nonlinear partial differential equations. Solutions include the Schwarzschild metric for spherical masses and the Friedmann-Lemaitre-Robertson-Walker metric for cosmology.,0.2263,0.28,0.8333,0.22,0.12,1.3634,1.0335
undergrad_fourier,undergraduate,2.0,"Fourier analysis decomposes functions into sums of sinusoidal components. The Fourier transform maps a time-domain signal to its frequency-domain representation. For square-integrable functions, Parseval's theorem ensures that the total energy is preserved across domains. The discrete Fourier transform and its fast algorithm are foundational to digital signal processing.",0.1768,0.3333,0.6,0.1667,0.125,1.1294,-0.207
grad_topology,graduate,2.5,"A fiber bundle is a structure that locally looks like a product space but may have a different global topology. Formally, a fiber bundle consists of a total space E, a base space B, a fiber F, and a projection map that is locally trivial. The Mobius strip is a non-trivial line bundle over the circle. Principal bundles, where the fiber is a Lie group acting freely, are fundamental to gauge theory and the geometric formulation of Yang-Mills fields.",0.2712,0.1392,0.9875,0.3418,0.0759,1.5436,1.9888
grad_category,graduate,2.8,"An adjunction between categories C and D consists of functors F: C to D and G: D to C together with a natural isomorphism between the hom-sets Hom(F(c), d) and Hom(c, G(d)) for all objects c in C and d in D. The functor F is called the left adjoint and G the right adjoint. Adjunctions encode universal properties and arise ubiquitously: free-forgetful pairs, tensor-hom, and the Galois connection between topology and algebra are all instances.",0.4827,0.1579,1.2667,0.3026,0.0658,1.9932,4.3722
grad_homological,graduate,3.0,"Homological algebra studies algebraic structures through chain complexes and their homology groups. A short exact sequence of chain complexes induces a long exact sequence in homology via the connecting homomorphism. Derived functors, constructed through projective or injective resolutions, measure the failure of a functor to preserve exactness. Ext and Tor are the prototypical examples, governing extensions and tensor products of modules.",0.1564,0.2787,0.7625,0.2295,0.0656,1.2101,0.2208
grad_measure,graduate,3.2,"Measure-theoretic probability builds on sigma-algebras and countably additive measures. The Radon-Nikodym theorem establishes the existence of density functions for absolutely continuous measures. Conditional expectation is defined as a projection onto a sub-sigma-algebra, and the martingale convergence theorem guarantees almost sure convergence for uniformly integrable martingales. These foundations support the rigorous treatment of stochastic processes and integration theory.",0.3693,0.4912,0.7125,0.193,0.0877,1.6323,2.459
